stop,date,photo_url,caption
San Francisco,2026-06-01,https://picsum.photos/seed/sf1/900/650,Golden Gate Bridge at sunset
San Francisco,2026-06-02,https://picsum.photos/seed/sf2/900/650,View from Alcatraz ferry
Yosemite Valley,2026-06-03,https://picsum.photos/seed/yos1/900/650,Half Dome from the valley floor
Yosemite Valley,2026-06-04,https://picsum.photos/seed/yos2/900/650,Waterfall along the trail
Lake Tahoe,2026-06-05,https://picsum.photos/seed/tahoe1/900/650,Kayaking on the lake
Zion National Park,2026-06-11,https://picsum.photos/seed/zion1/900/650,Angels Landing chains section
Zion National Park,2026-06-12,https://picsum.photos/seed/zion2/900/650,The Narrows
Bryce Canyon,2026-06-13,https://picsum.photos/seed/bryce1/900/650,Hoodoos at sunrise
Moab,2026-06-15,https://picsum.photos/seed/moab1/900/650,Delicate Arch
